Date,Time,CPU Usage,RAM Usage,Disk Usage,Health Score
2026-06-04,21:36:58,16.3,77.5,30.8,81
2026-06-04,21:43:58,13.5,81.0,30.9,81
2026-06-07,20:52:50,34.3,82.6,31.8,80
2026-06-07,20:58:33,20.8,80.5,31.9,81
2026-06-07,20:59:05,17.6,80.5,31.9,71
2026-06-08,10:55:50,14.3,82.9,31.9,80
2026-06-08,11:01:41,16.4,81.9,31.9,80
2026-06-08,11:10:37,25.5,81.0,31.9,81
2026-06-08,11:15:59,0.0,82.0,31.9,80
2026-06-08,11:16:00,19.4,82.0,31.9,80
2026-06-08,11:16:09,14.8,82.7,31.9,70
2026-06-08,11:16:19,15.9,82.8,31.9,80
2026-06-08,11:20:59,0.0,82.0,31.9,80
2026-06-08,11:21:00,22.6,81.5,31.9,81
2026-06-08,11:21:02,0.0,81.5,31.9,81
2026-06-08,11:46:15,0.0,81.9,31.9,80
2026-06-08,11:46:16,48.5,81.2,31.9,73
2026-06-08,11:46:26,26.9,80.5,31.9,81
2026-06-08,11:46:36,19.8,80.6,31.9,81
2026-06-08,11:46:46,17.4,80.9,31.9,81
2026-06-08,11:46:56,15.0,80.7,31.9,81
2026-06-08,11:47:06,11.4,80.8,31.9,81
2026-06-08,11:47:16,10.7,80.4,31.9,81
2026-06-08,11:47:26,6.8,80.3,31.9,81
2026-06-08,11:47:36,4.6,80.1,31.9,81
2026-06-08,11:47:46,5.4,79.6,31.9,81
2026-06-08,11:47:56,4.9,79.3,31.9,81
2026-06-08,11:48:06,4.7,79.2,31.9,81
2026-06-08,11:48:16,5.1,79.2,31.9,81
2026-06-08,11:48:26,5.4,79.1,31.9,81
2026-06-08,11:48:36,4.4,79.0,31.9,81
2026-06-08,11:48:46,4.3,79.0,31.9,81
2026-06-08,11:48:56,4.8,79.0,31.9,81
2026-06-08,11:49:06,10.1,80.1,31.9,81
2026-06-08,11:49:16,8.9,79.9,31.9,64
2026-06-15,13:08:27,0.0,77.6,29.6,82
2026-06-15,13:08:28,32.1,78.2,29.6,81
2026-06-15,13:08:37,39.2,79.1,29.6,81
2026-06-15,13:08:40,0.0,79.1,29.6,81
2026-06-15,13:08:47,19.0,79.2,29.6,81
2026-06-15,13:08:50,16.0,79.1,29.6,81
2026-06-15,13:08:57,11.4,78.8,29.6,81
2026-06-15,13:09:00,11.0,78.8,29.6,81
2026-06-15,13:09:07,11.8,78.9,29.6,81
2026-06-15,13:09:10,12.2,78.7,29.6,81
2026-06-15,13:09:17,14.4,79.1,29.6,68
2026-06-15,13:09:20,16.4,79.1,29.6,81
2026-06-15,13:09:27,21.8,79.4,29.6,81
2026-06-15,13:09:30,21.9,78.8,29.6,81
2026-06-15,13:09:37,26.8,78.8,29.6,81
2026-06-15,13:09:40,26.1,78.8,29.6,81
2026-06-15,13:09:47,16.5,78.5,29.6,81
2026-06-15,13:09:50,15.8,78.5,29.6,81
2026-06-15,13:09:57,13.5,79.1,29.6,81
2026-06-15,13:10:00,13.6,79.1,29.6,81
2026-06-15,13:10:07,9.0,79.0,29.6,81
2026-06-15,13:10:10,10.1,77.8,29.6,81
2026-06-15,13:10:17,15.0,78.1,29.6,81
2026-06-15,13:10:20,20.7,78.3,29.6,81
2026-06-15,13:10:27,25.4,77.6,29.6,82
2026-06-15,13:10:30,18.9,77.6,29.6,82
2026-06-15,13:10:37,13.5,77.3,29.6,82
2026-06-15,13:10:40,10.9,77.3,29.6,82
2026-06-15,13:10:47,8.8,77.2,29.6,62
2026-06-15,13:10:51,10.9,77.3,29.6,82
2026-06-15,13:10:57,11.0,77.3,29.6,82
2026-06-15,13:11:01,9.5,77.1,29.6,82
2026-06-15,13:11:07,6.4,77.1,29.6,82
2026-06-15,13:11:11,8.8,77.5,29.6,82
2026-06-15,13:11:17,15.9,77.9,29.6,81
2026-06-15,13:11:21,16.6,78.3,29.6,81
2026-06-15,13:11:27,10.5,78.3,29.6,81
2026-06-15,13:11:31,10.4,77.4,29.6,82
2026-06-15,14:03:44,0.0,81.2,29.6,73
2026-06-15,14:03:44,16.1,81.2,29.6,73
2026-06-15,16:14:45,0.0,84.2,28.9,73
2026-06-15,16:14:46,24.0,83.9,28.9,70
2026-06-15,16:14:57,30.2,85.3,28.9,77
2026-06-15,16:15:08,22.4,86.6,28.9,74
2026-06-15,16:15:20,14.2,86.3,28.9,74
2026-06-15,16:15:32,5.8,85.8,28.9,78
2026-06-15,16:15:44,13.3,85.5,28.9,78
2026-06-15,16:15:55,7.1,84.4,28.9,78
2026-06-15,16:16:07,7.9,84.5,28.9,77
2026-06-15,16:16:18,19.2,84.1,28.9,77
2026-06-15,16:16:30,11.5,83.4,28.9,78
2026-06-15,16:16:42,13.6,83.7,28.9,78
2026-06-15,16:16:54,10.1,83.5,28.9,75
2026-06-15,16:17:06,17.2,83.6,28.9,77
2026-06-15,16:17:17,10.2,83.8,28.9,78
2026-06-15,16:17:29,11.7,83.9,28.9,77
2026-06-15,16:17:41,13.6,84.1,28.9,77
2026-06-15,16:17:53,21.0,84.4,28.9,77
2026-06-15,16:18:05,10.1,83.4,28.9,77
2026-06-15,16:18:17,19.3,83.6,28.9,77
2026-06-15,16:18:30,34.7,84.4,28.9,72
2026-06-15,16:18:42,10.5,83.2,28.9,77
2026-06-15,16:18:54,13.0,83.3,28.9,77
2026-06-15,16:19:06,9.4,83.2,28.9,79
2026-06-15,16:19:18,9.1,83.1,28.9,79
2026-06-15,16:19:30,7.0,82.5,28.9,79
2026-06-15,16:19:42,5.9,82.4,28.9,78
2026-06-15,16:19:54,17.5,83.1,28.9,78
2026-06-15,16:20:05,16.0,83.1,28.9,76
2026-06-15,16:20:17,20.8,84.4,28.9,74
2026-06-15,16:20:29,20.9,84.7,28.9,75
2026-06-15,16:20:41,11.3,84.8,28.9,78
2026-06-15,16:20:53,7.8,84.3,28.9,76
2026-06-15,16:21:04,13.6,84.7,28.9,78
2026-06-15,16:21:17,8.1,84.3,28.9,78
2026-06-15,16:21:29,14.0,84.3,28.9,76
2026-06-15,16:21:41,16.4,84.9,28.9,78
2026-06-15,16:21:53,10.4,84.9,28.9,74
2026-06-15,16:22:05,14.1,84.3,28.9,77
2026-06-15,16:22:17,9.0,84.0,28.9,78
2026-06-15,16:22:28,12.8,84.1,28.9,78
2026-06-15,16:22:40,8.4,84.0,28.9,78
2026-06-15,16:22:52,7.2,83.7,28.9,78
2026-06-15,16:23:04,8.5,83.6,28.9,78
2026-06-15,16:23:15,7.3,83.6,28.9,74
2026-06-15,16:23:27,12.4,83.9,28.9,78
2026-06-15,16:23:39,6.0,83.4,28.9,79
2026-06-15,16:23:51,5.7,83.4,28.9,79
2026-06-15,16:24:03,4.9,83.4,28.9,79
2026-06-15,16:24:15,5.8,83.4,28.9,79
2026-06-15,16:24:27,15.4,83.8,28.9,76
2026-06-15,16:24:39,12.2,84.1,28.9,78
2026-06-15,16:24:51,11.8,83.8,28.9,78
2026-06-15,16:25:03,9.7,83.9,28.9,77
2026-06-15,16:25:14,14.4,83.9,28.9,78
2026-06-15,16:25:26,12.1,84.3,28.9,75
2026-06-15,16:25:38,12.9,84.9,28.9,69
2026-06-15,16:25:50,16.4,84.6,28.9,77
2026-06-15,16:26:01,12.3,83.7,28.9,76
2026-06-15,16:26:13,16.0,84.3,28.9,76
2026-06-15,16:26:25,14.9,83.6,28.9,74
2026-06-15,16:26:37,16.8,84.0,28.9,79
2026-06-15,16:26:49,7.0,83.7,28.9,78
2026-06-15,16:27:00,10.3,83.7,28.9,78
2026-06-15,16:27:12,14.9,83.9,28.9,76
2026-06-15,16:27:24,9.0,84.4,28.9,77
2026-06-15,16:27:35,12.0,84.5,28.9,78
2026-06-15,16:27:47,12.0,83.7,28.9,78
2026-06-15,16:27:59,12.7,83.7,28.9,77
2026-06-15,16:28:11,10.7,83.6,28.9,78
2026-06-15,16:28:23,9.4,83.5,28.9,79
2026-06-15,16:28:34,6.8,83.3,28.9,79
2026-06-15,16:28:46,4.1,83.2,28.9,79
2026-06-15,16:28:58,4.7,83.2,28.9,79
2026-06-15,16:29:10,5.1,83.2,28.9,79
2026-06-15,16:29:22,7.1,83.3,28.9,79
2026-06-15,16:29:34,8.4,83.4,28.9,79
2026-06-15,16:29:46,5.0,83.4,28.9,79
2026-06-15,16:29:57,4.4,83.5,28.9,79
2026-06-15,16:30:09,4.6,83.5,28.9,79
2026-06-15,16:30:21,4.9,83.5,28.9,79
2026-06-15,16:30:32,4.6,83.5,28.9,79
2026-06-15,16:30:44,4.5,83.5,28.9,79
2026-06-15,16:30:56,4.4,83.5,28.9,79
2026-06-15,16:31:08,4.5,83.5,28.9,79
2026-06-15,16:32:10,5.6,84.7,28.9,60
2026-06-15,16:32:22,32.3,87.0,28.9,76
2026-06-15,16:32:34,18.6,87.0,28.9,77
2026-06-15,16:32:45,29.5,87.6,28.9,75
2026-06-15,16:32:57,30.5,88.2,28.9,77
2026-06-15,16:33:09,8.5,87.5,28.9,77
2026-06-15,16:33:20,12.6,87.4,28.9,77
2026-06-15,16:33:32,8.7,87.2,28.9,77
2026-06-15,16:33:43,8.7,86.8,28.9,77
2026-06-15,16:33:57,6.3,86.5,28.9,77
2026-06-15,16:34:08,8.1,86.5,28.9,77
2026-06-15,16:34:20,8.4,86.6,28.9,78
2026-06-15,16:34:32,7.8,86.5,28.9,78
2026-06-15,16:34:44,6.9,86.5,28.9,78
2026-06-15,16:34:55,6.7,86.1,28.9,78
2026-06-15,16:35:07,6.5,86.1,28.9,77
2026-06-15,16:35:19,11.6,86.2,28.9,77
2026-06-15,16:35:30,8.4,86.3,28.8,78
2026-06-15,16:35:42,6.8,86.3,28.8,77
2026-06-15,16:36:55,3.9,86.6,28.8,60
2026-06-15,18:51:03,0.0,87.0,28.8,60
2026-06-15,21:20:26,0.2,86.2,28.8,80
2026-06-16,04:06:44,0.0,86.9,28.8,61
2026-06-16,15:54:50,92.8,90.4,30.8,61
2026-06-16,15:55:02,77.6,87.9,28.9,69
2026-06-16,15:55:12,28.6,82.9,28.9,77
2026-06-16,15:55:23,27.1,84.0,28.9,75
2026-06-16,15:55:34,18.1,84.2,28.9,77
2026-06-16,15:55:46,16.3,83.7,28.9,74
2026-06-16,15:55:58,23.8,83.5,28.9,72
2026-06-16,15:56:10,29.9,84.3,28.9,71
2026-06-16,15:56:22,49.2,85.7,28.9,73
2026-06-16,15:56:33,29.4,85.2,28.9,75
2026-06-16,15:56:45,13.0,85.2,28.9,77
2026-06-16,15:56:57,10.3,85.0,28.9,76
2026-06-16,15:57:09,23.2,85.3,28.9,75
2026-06-16,15:57:21,32.2,85.9,28.9,74
2026-06-16,15:57:33,23.7,86.0,28.9,77
2026-06-16,15:57:45,13.3,85.6,28.9,77
2026-06-16,15:57:57,26.0,87.6,29.0,75
2026-06-16,15:58:09,32.4,92.3,29.2,64
2026-06-16,15:58:20,20.3,90.6,29.2,73
2026-06-16,15:58:32,27.4,87.8,29.2,70
2026-06-16,15:58:44,41.5,83.3,28.9,74
2026-06-16,15:58:56,20.3,82.6,28.9,78
2026-06-16,15:59:17,0.0,83.2,28.9,69
2026-06-16,15:59:17,49.5,83.2,28.9,70
2026-06-16,15:59:29,37.3,83.8,28.9,77
2026-06-16,15:59:40,9.3,83.0,28.9,77
2026-06-16,15:59:52,9.2,82.7,28.9,77
2026-06-16,16:00:04,9.8,82.4,28.9,78
2026-06-16,16:00:15,16.7,83.0,28.9,77
2026-06-16,16:00:27,17.6,83.9,28.9,78
2026-06-16,16:00:39,9.8,83.8,28.9,78
2026-06-16,16:00:52,20.8,86.1,28.9,73
2026-06-16,16:01:03,20.5,84.2,28.9,77
2026-06-16,16:01:15,14.6,83.6,28.9,78
2026-06-16,16:01:27,12.7,82.9,28.9,79
2026-06-16,16:01:39,12.1,82.9,28.9,78
2026-06-16,16:01:51,11.0,84.0,28.9,72
2026-06-16,16:02:02,24.2,84.4,28.9,74
2026-06-16,16:02:14,26.3,84.1,28.9,77
2026-06-16,16:02:26,16.6,84.2,28.9,77
2026-06-16,16:02:38,9.0,82.6,28.9,78
2026-06-16,16:02:50,10.9,82.3,28.9,79
2026-06-16,16:03:02,8.6,82.2,28.9,78
2026-06-16,16:03:14,5.2,81.9,28.9,79
2026-06-16,16:03:27,17.3,83.4,28.9,76
2026-06-16,16:03:39,10.1,82.4,28.9,78
2026-06-16,16:03:51,10.8,82.1,28.9,79
2026-06-16,16:04:03,6.5,82.1,28.9,77
2026-06-16,16:04:15,19.5,83.1,28.9,78
2026-06-16,16:04:26,15.0,81.9,28.9,77
2026-06-16,16:04:38,27.9,82.0,28.9,79
2026-06-16,16:04:50,12.0,80.4,28.9,79
2026-06-16,16:05:03,15.5,81.0,28.9,78
2026-06-16,16:05:14,10.6,80.4,28.9,77
2026-06-16,16:05:26,18.0,81.0,28.9,78
2026-06-16,16:05:38,10.6,80.8,28.9,77
2026-06-16,16:05:50,12.0,81.1,28.9,78
2026-06-16,16:06:02,22.1,84.3,28.9,74
2026-06-16,16:06:14,38.3,84.2,28.9,69
2026-06-16,16:06:26,38.0,82.7,28.9,68
2026-06-16,16:06:37,38.9,84.3,28.9,74
2026-06-16,16:06:49,31.6,83.0,28.9,73
2026-06-16,16:07:01,31.0,83.2,28.9,74
2026-06-16,16:07:12,25.3,82.5,28.9,77
2026-06-16,16:07:24,16.9,83.1,28.9,78
2026-06-16,16:07:36,9.8,82.3,28.9,73
2026-06-16,16:07:48,6.3,81.2,28.9,79
2026-06-16,16:08:00,12.8,81.3,28.9,79
2026-06-16,16:08:12,17.2,83.1,28.9,76
2026-06-16,16:08:23,33.5,82.5,28.9,74
2026-06-16,16:08:35,30.5,82.4,28.9,77
2026-06-16,16:08:47,16.5,82.7,28.9,72
2026-06-16,16:08:59,23.9,82.8,28.9,75
2026-06-16,16:09:11,29.4,82.9,28.9,75
2026-06-16,16:09:23,29.8,82.4,28.9,77
2026-06-16,16:09:35,18.6,81.7,28.9,78
2026-06-16,16:09:47,7.7,81.1,28.9,78
2026-06-16,16:09:59,8.9,80.9,28.9,78
2026-06-16,16:10:10,15.1,80.8,28.9,78
2026-06-16,16:10:22,22.6,81.5,28.9,77
2026-06-16,16:10:34,7.4,80.9,28.9,78
2026-06-16,16:10:46,17.4,81.5,28.9,76
2026-06-16,16:10:58,12.8,81.7,28.9,78
2026-06-16,16:11:10,9.7,81.3,28.9,77
2026-06-16,16:11:22,38.1,83.0,28.9,74
2026-06-16,16:11:34,19.1,82.4,28.9,73
2026-06-16,16:11:45,11.8,81.5,28.9,78
2026-06-16,16:11:57,9.1,81.3,28.9,79
2026-06-16,16:12:09,11.6,81.3,28.9,78
2026-06-16,16:12:20,16.0,81.4,28.9,77
2026-06-16,16:12:33,13.1,81.3,28.9,79
2026-06-16,16:12:44,14.2,81.2,28.9,77
2026-06-16,16:12:56,21.8,83.0,28.9,73
2026-06-16,16:13:07,22.6,82.3,28.9,77
2026-06-16,16:13:19,13.3,81.6,28.9,76
2026-06-16,16:13:31,12.7,80.8,28.9,77
2026-06-16,16:13:43,10.8,80.6,28.9,79
2026-06-16,16:13:55,11.0,80.6,28.9,79
2026-06-16,16:14:06,5.6,80.4,28.9,78
2026-06-16,16:14:18,20.8,81.4,28.9,75
2026-06-16,16:14:30,6.9,80.2,28.9,78
2026-06-16,16:14:42,17.6,75.7,28.9,79
2026-06-16,16:14:54,14.4,75.6,28.9,79
2026-06-16,16:15:05,12.1,76.2,28.9,78
2026-06-16,16:15:17,12.5,75.8,28.9,78
2026-06-16,16:15:29,17.3,75.9,28.9,78
2026-06-16,16:15:41,12.0,76.2,28.9,79
2026-06-16,16:15:53,10.2,76.2,28.9,77
2026-06-16,16:16:04,12.0,77.0,28.9,77
2026-06-16,16:16:16,9.5,77.1,28.9,80
2026-06-16,16:16:28,12.0,76.1,28.9,79
2026-06-16,16:16:40,10.9,76.5,28.9,80
2026-06-16,16:16:52,13.6,76.5,28.9,79
2026-06-16,16:17:04,12.9,77.1,28.9,79
2026-06-16,16:17:16,20.3,77.5,28.9,79
2026-06-16,16:17:27,9.3,77.1,28.9,79
2026-06-16,16:17:39,9.3,77.0,28.9,79
2026-06-16,16:17:51,8.9,77.2,28.9,79
2026-06-16,16:18:02,10.0,77.3,28.9,79
2026-06-16,16:18:14,12.6,77.6,28.9,77
2026-06-16,16:18:27,20.9,77.3,28.9,77
2026-06-16,16:18:38,13.4,77.0,28.9,75
2026-06-16,16:18:50,6.9,76.2,28.9,79
2026-06-16,16:19:02,6.5,76.1,28.9,80
2026-06-16,16:19:13,5.5,76.0,28.9,80
2026-06-16,16:19:25,4.6,76.0,28.9,80
2026-06-16,16:19:37,8.7,74.2,28.9,78
2026-06-16,16:19:49,8.1,71.0,28.9,81
2026-06-16,16:20:01,5.1,71.0,28.9,81
2026-06-16,16:20:13,6.0,71.2,28.9,81
2026-06-16,16:20:24,6.2,71.2,28.9,81
2026-06-16,16:20:37,5.0,71.0,28.9,81
2026-06-16,16:20:48,4.8,71.1,28.9,81
2026-06-16,16:21:00,4.9,71.1,28.9,81
2026-06-16,16:21:12,5.1,71.0,28.9,80
2026-06-16,16:21:24,5.8,70.9,28.9,80
2026-06-16,16:21:36,10.9,71.9,28.9,80
2026-06-16,16:21:48,10.5,71.8,28.9,78
2026-06-16,16:22:00,24.7,73.1,28.9,79
2026-06-16,16:22:12,12.3,73.3,28.9,80
2026-06-16,16:22:23,19.0,72.8,28.9,79
2026-06-16,16:22:35,5.0,71.9,28.9,81
2026-06-16,16:22:46,5.5,71.9,28.9,81
2026-06-16,16:22:58,11.5,72.1,28.9,81
2026-06-16,16:23:11,8.5,71.9,28.9,80
2026-06-16,16:23:22,12.5,72.2,28.9,80
2026-06-16,16:23:34,11.6,72.4,28.9,79
2026-06-16,16:23:46,11.0,72.7,28.9,81
2026-06-16,16:23:58,14.8,72.5,28.9,76
2026-06-16,16:24:10,35.6,75.0,28.9,75
